YearMonth,Revenue,Type
2010-12,775638.36,Actual
2011-01,670380.24,Actual
2011-02,507799.87,Actual
2011-03,689833.51,Actual
2011-04,515377.99,Actual
2011-05,739953.0,Actual
2011-06,737558.98,Actual
2011-07,688219.34,Actual
2011-08,724216.5,Actual
2011-09,1028320.38,Actual
2011-10,1103314.25,Actual
2011-11,1452115.98,Actual
2011-12,1158848.9225757576,Forecast
2012-01,1213636.8542540793,Forecast
2012-02,1268424.785932401,Forecast
